Week,brexit,zika,migrant,gold,oil
2004-01-04 - 2004-01-10,0,0,1,45,37
2004-01-11 - 2004-01-17,0,0,1,47,38
2004-01-18 - 2004-01-24,0,0,1,49,36
2004-01-25 - 2004-01-31,0,0,1,45,37
2004-02-01 - 2004-02-07,0,0,1,44,35
2004-02-08 - 2004-02-14,0,0,1,43,36
2004-02-15 - 2004-02-21,0,0,1,44,36
2004-02-22 - 2004-02-28,0,0,1,45,38
2004-02-29 - 2004-03-06,0,0,1,42,37
2004-03-07 - 2004-03-13,0,0,0,42,37
2004-03-14 - 2004-03-20,0,0,1,44,37
2004-03-21 - 2004-03-27,0,0,1,45,36
2004-03-28 - 2004-04-03,0,0,1,45,39
2004-04-04 - 2004-04-10,0,0,1,43,37
2004-04-11 - 2004-04-17,0,0,1,44,37
2004-04-18 - 2004-04-24,0,0,1,44,39
2004-04-25 - 2004-05-01,0,0,1,43,38
2004-05-02 - 2004-05-08,0,0,1,44,38
2004-05-09 - 2004-05-15,0,0,1,42,38
2004-05-16 - 2004-05-22,0,0,1,43,42
2004-05-23 - 2004-05-29,0,0,0,42,40
2004-05-30 - 2004-06-05,0,0,1,42,40
2004-06-06 - 2004-06-12,0,0,0,41,38
2004-06-13 - 2004-06-19,0,0,0,40,36
2004-06-20 - 2004-06-26,0,0,0,41,35
2004-06-27 - 2004-07-03,0,0,0,42,35
2004-07-04 - 2004-07-10,0,0,0,42,36
2004-07-11 - 2004-07-17,0,0,0,43,36
2004-07-18 - 2004-07-24,0,0,0,44,37
2004-07-25 - 2004-07-31,0,0,0,42,38
2004-08-01 - 2004-08-07,0,0,0,44,39
2004-08-08 - 2004-08-14,0,0,0,45,41
2004-08-15 - 2004-08-21,0,0,1,52,41
2004-08-22 - 2004-08-28,0,0,0,54,39
2004-08-29 - 2004-09-04,0,0,1,46,36
2004-09-05 - 2004-09-11,0,0,1,43,37
2004-09-12 - 2004-09-18,0,0,0,45,36
2004-09-19 - 2004-09-25,0,0,1,42,38
2004-09-26 - 2004-10-02,0,0,1,43,41
2004-10-03 - 2004-10-09,0,0,1,42,41
2004-10-10 - 2004-10-16,0,0,1,43,42
2004-10-17 - 2004-10-23,0,0,1,42,41
2004-10-24 - 2004-10-30,0,0,1,42,41
2004-10-31 - 2004-11-06,0,0,1,42,39
2004-11-07 - 2004-11-13,0,0,1,43,38
2004-11-14 - 2004-11-20,0,0,1,44,38
2004-11-21 - 2004-11-27,0,0,0,44,36
2004-11-28 - 2004-12-04,0,0,1,46,39
2004-12-05 - 2004-12-11,0,0,1,47,39
2004-12-12 - 2004-12-18,0,0,0,44,35
2004-12-19 - 2004-12-25,0,0,0,43,33
2004-12-26 - 2005-01-01,0,0,0,43,32
2005-01-02 - 2005-01-08,0,0,1,43,35
2005-01-09 - 2005-01-15,0,0,0,43,35
2005-01-16 - 2005-01-22,0,0,1,41,36
2005-01-23 - 2005-01-29,0,0,1,41,36
2005-01-30 - 2005-02-05,0,0,1,43,37
2005-02-06 - 2005-02-12,0,0,1,43,37
2005-02-13 - 2005-02-19,0,0,1,42,36
2005-02-20 - 2005-02-26,0,0,1,43,37
2005-02-27 - 2005-03-05,0,0,1,41,37
2005-03-06 - 2005-03-12,0,0,1,42,37
2005-03-13 - 2005-03-19,0,0,1,44,39
2005-03-20 - 2005-03-26,0,0,1,43,39
2005-03-27 - 2005-04-02,0,0,1,42,39
2005-04-03 - 2005-04-09,0,0,1,41,39
2005-04-10 - 2005-04-16,0,0,1,42,40
2005-04-17 - 2005-04-23,0,0,1,42,38
2005-04-24 - 2005-04-30,0,0,1,42,39
2005-05-01 - 2005-05-07,0,0,1,45,39
2005-05-08 - 2005-05-14,0,0,1,42,38
2005-05-15 - 2005-05-21,0,0,1,42,37
2005-05-22 - 2005-05-28,0,0,1,42,36
2005-05-29 - 2005-06-04,0,0,1,43,35
2005-06-05 - 2005-06-11,0,0,1,42,35
2005-06-12 - 2005-06-18,0,0,0,41,35
2005-06-19 - 2005-06-25,0,0,0,41,38
2005-06-26 - 2005-07-02,0,0,0,44,37
2005-07-03 - 2005-07-09,0,0,0,44,36
2005-07-10 - 2005-07-16,0,0,0,45,38
2005-07-17 - 2005-07-23,0,0,0,44,36
2005-07-24 - 2005-07-30,0,0,0,44,36
2005-07-31 - 2005-08-06,0,0,0,43,38
2005-08-07 - 2005-08-13,0,0,0,45,42
2005-08-14 - 2005-08-20,0,0,0,45,45
2005-08-21 - 2005-08-27,0,0,0,45,43
2005-08-28 - 2005-09-03,0,0,0,44,55
2005-09-04 - 2005-09-10,0,0,1,45,44
2005-09-11 - 2005-09-17,0,0,0,46,41
2005-09-18 - 2005-09-24,0,0,1,47,43
2005-09-25 - 2005-10-01,0,0,0,46,41
2005-10-02 - 2005-10-08,0,0,1,46,40
2005-10-09 - 2005-10-15,0,0,1,47,40
2005-10-16 - 2005-10-22,0,0,1,46,39
2005-10-23 - 2005-10-29,0,0,1,45,38
2005-10-30 - 2005-11-05,0,0,1,46,37
2005-11-06 - 2005-11-12,0,0,0,46,37
2005-11-13 - 2005-11-19,0,0,1,46,37
2005-11-20 - 2005-11-26,0,0,0,45,35
2005-11-27 - 2005-12-03,0,0,1,49,37
2005-12-04 - 2005-12-10,0,0,1,50,35
2005-12-11 - 2005-12-17,0,0,0,51,37
2005-12-18 - 2005-12-24,0,0,0,49,33
2005-12-25 - 2005-12-31,0,0,0,48,31
2006-01-01 - 2006-01-07,0,0,0,49,35
2006-01-08 - 2006-01-14,0,0,0,47,35
2006-01-15 - 2006-01-21,0,0,0,47,36
2006-01-22 - 2006-01-28,0,0,0,46,38
2006-01-29 - 2006-02-04,0,0,0,48,38
2006-02-05 - 2006-02-11,0,0,0,49,38
2006-02-12 - 2006-02-18,0,0,1,50,36
2006-02-19 - 2006-02-25,0,0,0,50,36
2006-02-26 - 2006-03-04,0,0,0,48,37
2006-03-05 - 2006-03-11,0,0,1,46,35
2006-03-12 - 2006-03-18,0,0,0,47,35
2006-03-19 - 2006-03-25,0,0,1,45,36
2006-03-26 - 2006-04-01,0,0,1,44,36
2006-04-02 - 2006-04-08,0,0,1,46,35
2006-04-09 - 2006-04-15,0,0,0,47,37
2006-04-16 - 2006-04-22,0,0,0,49,43
2006-04-23 - 2006-04-29,0,0,0,47,44
2006-04-30 - 2006-05-06,0,0,1,50,43
2006-05-07 - 2006-05-13,0,0,1,51,38
2006-05-14 - 2006-05-20,0,0,1,50,37
2006-05-21 - 2006-05-27,0,0,0,48,35
2006-05-28 - 2006-06-03,0,0,0,45,34
2006-06-04 - 2006-06-10,0,0,0,46,35
2006-06-11 - 2006-06-17,0,0,0,48,34
2006-06-18 - 2006-06-24,0,0,0,47,34
2006-06-25 - 2006-07-01,0,0,0,44,34
2006-07-02 - 2006-07-08,0,0,0,45,32
2006-07-09 - 2006-07-15,0,0,0,46,36
2006-07-16 - 2006-07-22,0,0,0,46,37
2006-07-23 - 2006-07-29,0,0,0,47,35
2006-07-30 - 2006-08-05,0,0,0,46,35
2006-08-06 - 2006-08-12,0,0,0,47,38
2006-08-13 - 2006-08-19,0,0,0,47,37
2006-08-20 - 2006-08-26,0,0,0,45,35
2006-08-27 - 2006-09-02,0,0,0,44,35
2006-09-03 - 2006-09-09,0,0,0,43,36
2006-09-10 - 2006-09-16,0,0,0,46,37
2006-09-17 - 2006-09-23,0,0,0,46,36
2006-09-24 - 2006-09-30,0,0,0,45,36
2006-10-01 - 2006-10-07,0,0,0,45,36
2006-10-08 - 2006-10-14,0,0,0,45,34
2006-10-15 - 2006-10-21,0,0,0,45,34
2006-10-22 - 2006-10-28,0,0,0,43,34
2006-10-29 - 2006-11-04,0,0,0,44,34
2006-11-05 - 2006-11-11,0,0,0,43,33
2006-11-12 - 2006-11-18,0,0,0,44,32
2006-11-19 - 2006-11-25,0,0,0,43,30
2006-11-26 - 2006-12-02,0,0,0,45,31
2006-12-03 - 2006-12-09,0,0,0,46,32
2006-12-10 - 2006-12-16,0,0,0,45,30
2006-12-17 - 2006-12-23,0,0,0,45,28
2006-12-24 - 2006-12-30,0,0,0,47,27
2006-12-31 - 2007-01-06,0,0,0,47,32
2007-01-07 - 2007-01-13,0,0,0,44,33
2007-01-14 - 2007-01-20,0,0,0,43,33
2007-01-21 - 2007-01-27,0,0,0,44,34
2007-01-28 - 2007-02-03,0,0,0,45,33
2007-02-04 - 2007-02-10,0,0,0,43,32
2007-02-11 - 2007-02-17,0,0,0,44,32
2007-02-18 - 2007-02-24,0,0,0,45,31
2007-02-25 - 2007-03-03,0,0,0,45,31
2007-03-04 - 2007-03-10,0,0,0,43,31
2007-03-11 - 2007-03-17,0,0,0,44,31
2007-03-18 - 2007-03-24,0,0,0,42,30
2007-03-25 - 2007-03-31,0,0,0,41,31
2007-04-01 - 2007-04-07,0,0,0,43,31
2007-04-08 - 2007-04-14,0,0,0,43,31
2007-04-15 - 2007-04-21,0,0,0,44,31
2007-04-22 - 2007-04-28,0,0,0,44,31
2007-04-29 - 2007-05-05,0,0,0,44,33
2007-05-06 - 2007-05-12,0,0,0,43,32
2007-05-13 - 2007-05-19,0,0,0,43,32
2007-05-20 - 2007-05-26,0,0,0,43,32
2007-05-27 - 2007-06-02,0,0,0,42,30
2007-06-03 - 2007-06-09,0,0,0,45,31
2007-06-10 - 2007-06-16,0,0,0,47,30
2007-06-17 - 2007-06-23,0,0,0,45,30
2007-06-24 - 2007-06-30,0,0,0,44,30
2007-07-01 - 2007-07-07,0,0,0,42,29
2007-07-08 - 2007-07-14,0,0,0,43,31
2007-07-15 - 2007-07-21,0,0,0,43,32
2007-07-22 - 2007-07-28,0,0,0,45,32
2007-07-29 - 2007-08-04,0,0,0,44,31
2007-08-05 - 2007-08-11,0,0,0,44,31
2007-08-12 - 2007-08-18,0,0,0,44,30
2007-08-19 - 2007-08-25,0,0,0,43,30
2007-08-26 - 2007-09-01,0,0,0,42,29
2007-09-02 - 2007-09-08,0,0,0,43,28
2007-09-09 - 2007-09-15,0,0,0,43,30
2007-09-16 - 2007-09-22,0,0,0,44,32
2007-09-23 - 2007-09-29,0,0,0,43,31
2007-09-30 - 2007-10-06,0,0,0,43,31
2007-10-07 - 2007-10-13,0,0,0,44,30
2007-10-14 - 2007-10-20,0,0,0,44,32
2007-10-21 - 2007-10-27,0,0,0,43,32
2007-10-28 - 2007-11-03,0,0,0,45,35
2007-11-04 - 2007-11-10,0,0,0,45,36
2007-11-11 - 2007-11-17,0,0,0,45,36
2007-11-18 - 2007-11-24,0,0,0,44,33
2007-11-25 - 2007-12-01,0,0,0,47,33
2007-12-02 - 2007-12-08,0,0,0,47,33
2007-12-09 - 2007-12-15,0,0,0,46,31
2007-12-16 - 2007-12-22,0,0,0,46,29
2007-12-23 - 2007-12-29,0,0,0,48,26
2007-12-30 - 2008-01-05,0,0,0,51,33
2008-01-06 - 2008-01-12,0,0,0,49,34
2008-01-13 - 2008-01-19,0,0,0,49,33
2008-01-20 - 2008-01-26,0,0,0,49,33
2008-01-27 - 2008-02-02,0,0,0,49,33
2008-02-03 - 2008-02-09,0,0,0,49,32
2008-02-10 - 2008-02-16,0,0,0,48,33
2008-02-17 - 2008-02-23,0,0,0,47,33
2008-02-24 - 2008-03-01,0,0,0,47,34
2008-03-02 - 2008-03-08,0,0,0,48,34
2008-03-09 - 2008-03-15,0,0,0,52,36
2008-03-16 - 2008-03-22,0,0,0,55,35
2008-03-23 - 2008-03-29,0,0,0,50,34
2008-03-30 - 2008-04-05,0,0,0,48,34
2008-04-06 - 2008-04-12,0,0,0,46,35
2008-04-13 - 2008-04-19,0,0,0,46,36
2008-04-20 - 2008-04-26,0,0,0,47,39
2008-04-27 - 2008-05-03,0,0,0,48,39
2008-05-04 - 2008-05-10,0,0,0,47,39
2008-05-11 - 2008-05-17,0,0,0,46,39
2008-05-18 - 2008-05-24,0,0,0,46,43
2008-05-25 - 2008-05-31,0,0,0,46,41
2008-06-01 - 2008-06-07,0,0,0,46,42
2008-06-08 - 2008-06-14,0,0,0,45,44
2008-06-15 - 2008-06-21,0,0,0,46,43
2008-06-22 - 2008-06-28,0,0,0,47,42
2008-06-29 - 2008-07-05,0,0,0,47,42
2008-07-06 - 2008-07-12,0,0,0,48,42
2008-07-13 - 2008-07-19,0,0,0,49,45
2008-07-20 - 2008-07-26,0,0,0,49,46
2008-07-27 - 2008-08-02,0,0,0,47,44
2008-08-03 - 2008-08-09,0,0,0,50,44
2008-08-10 - 2008-08-16,0,0,0,68,43
2008-08-17 - 2008-08-23,0,0,0,64,39
2008-08-24 - 2008-08-30,0,0,0,52,38
2008-08-31 - 2008-09-06,0,0,0,46,40
2008-09-07 - 2008-09-13,0,0,0,48,41
2008-09-14 - 2008-09-20,0,0,0,53,43
2008-09-21 - 2008-09-27,0,0,0,51,40
2008-09-28 - 2008-10-04,0,0,0,52,39
2008-10-05 - 2008-10-11,0,0,0,55,42
2008-10-12 - 2008-10-18,0,0,0,51,43
2008-10-19 - 2008-10-25,0,0,0,53,44
2008-10-26 - 2008-11-01,0,0,0,50,40
2008-11-02 - 2008-11-08,0,0,0,47,37
2008-11-09 - 2008-11-15,0,0,0,49,39
2008-11-16 - 2008-11-22,0,0,0,48,40
2008-11-23 - 2008-11-29,0,0,0,47,35
2008-11-30 - 2008-12-06,0,0,1,48,39
2008-12-07 - 2008-12-13,0,0,0,48,36
2008-12-14 - 2008-12-20,0,0,0,49,36
2008-12-21 - 2008-12-27,0,0,0,49,31
2008-12-28 - 2009-01-03,0,0,0,51,34
2009-01-04 - 2009-01-10,0,0,0,48,38
2009-01-11 - 2009-01-17,0,0,0,47,37
2009-01-18 - 2009-01-24,0,0,0,47,35
2009-01-25 - 2009-01-31,0,0,0,49,34
2009-02-01 - 2009-02-07,0,0,0,48,34
2009-02-08 - 2009-02-14,0,0,0,49,34
2009-02-15 - 2009-02-21,0,0,0,52,34
2009-02-22 - 2009-02-28,0,0,0,52,34
2009-03-01 - 2009-03-07,0,0,0,49,33
2009-03-08 - 2009-03-14,0,0,0,50,34
2009-03-15 - 2009-03-21,0,0,0,48,34
2009-03-22 - 2009-03-28,0,0,0,47,34
2009-03-29 - 2009-04-04,0,0,0,47,33
2009-04-05 - 2009-04-11,0,0,0,48,33
2009-04-12 - 2009-04-18,0,0,0,47,31
2009-04-19 - 2009-04-25,0,0,0,47,33
2009-04-26 - 2009-05-02,0,0,0,46,32
2009-05-03 - 2009-05-09,0,0,0,47,32
2009-05-10 - 2009-05-16,0,0,0,45,32
2009-05-17 - 2009-05-23,0,0,0,46,32
2009-05-24 - 2009-05-30,0,0,0,45,31
2009-05-31 - 2009-06-06,0,0,0,46,32
2009-06-07 - 2009-06-13,0,0,0,45,32
2009-06-14 - 2009-06-20,0,0,0,46,32
2009-06-21 - 2009-06-27,0,0,0,44,31
2009-06-28 - 2009-07-04,0,0,0,46,31
2009-07-05 - 2009-07-11,0,0,0,48,31
2009-07-12 - 2009-07-18,0,0,0,48,32
2009-07-19 - 2009-07-25,0,0,0,49,32
2009-07-26 - 2009-08-01,0,0,0,48,32
2009-08-02 - 2009-08-08,0,0,0,48,32
2009-08-09 - 2009-08-15,0,0,0,47,32
2009-08-16 - 2009-08-22,0,0,0,46,32
2009-08-23 - 2009-08-29,0,0,0,46,32
2009-08-30 - 2009-09-05,0,0,0,45,32
2009-09-06 - 2009-09-12,0,0,0,49,32
2009-09-13 - 2009-09-19,0,0,0,49,32
2009-09-20 - 2009-09-26,0,0,0,49,32
2009-09-27 - 2009-10-03,0,0,0,46,31
2009-10-04 - 2009-10-10,0,0,0,49,31
2009-10-11 - 2009-10-17,0,0,0,49,32
2009-10-18 - 2009-10-24,0,0,0,45,32
2009-10-25 - 2009-10-31,0,0,0,45,32
2009-11-01 - 2009-11-07,0,0,0,46,31
2009-11-08 - 2009-11-14,0,0,0,49,31
2009-11-15 - 2009-11-21,0,0,0,49,31
2009-11-22 - 2009-11-28,0,0,0,50,29
2009-11-29 - 2009-12-05,0,0,0,53,30
2009-12-06 - 2009-12-12,0,0,0,51,31
2009-12-13 - 2009-12-19,0,0,0,50,29
2009-12-20 - 2009-12-26,0,0,0,49,26
2009-12-27 - 2010-01-02,0,0,0,50,29
2010-01-03 - 2010-01-09,0,0,0,49,32
2010-01-10 - 2010-01-16,0,0,0,47,32
2010-01-17 - 2010-01-23,0,0,0,47,31
2010-01-24 - 2010-01-30,0,0,0,47,32
2010-01-31 - 2010-02-06,0,0,0,49,33
2010-02-07 - 2010-02-13,0,0,0,50,31
2010-02-14 - 2010-02-20,0,0,0,59,31
2010-02-21 - 2010-02-27,0,0,0,56,31
2010-02-28 - 2010-03-06,0,0,0,59,32
2010-03-07 - 2010-03-13,0,0,0,50,32
2010-03-14 - 2010-03-20,0,0,0,54,31
2010-03-21 - 2010-03-27,0,0,0,52,32
2010-03-28 - 2010-04-03,0,0,0,54,33
2010-04-04 - 2010-04-10,0,0,0,52,33
2010-04-11 - 2010-04-17,0,0,0,50,31
2010-04-18 - 2010-04-24,0,0,0,49,34
2010-04-25 - 2010-05-01,0,0,0,49,47
2010-05-02 - 2010-05-08,0,0,0,52,61
2010-05-09 - 2010-05-15,0,0,0,55,52
2010-05-16 - 2010-05-22,0,0,0,53,53
2010-05-23 - 2010-05-29,0,0,0,51,68
2010-05-30 - 2010-06-05,0,0,0,50,75
2010-06-06 - 2010-06-12,0,0,0,50,70
2010-06-13 - 2010-06-19,0,0,0,50,60
2010-06-20 - 2010-06-26,0,0,0,49,54
2010-06-27 - 2010-07-03,0,0,0,50,47
2010-07-04 - 2010-07-10,0,0,0,51,45
2010-07-11 - 2010-07-17,0,0,0,51,51
2010-07-18 - 2010-07-24,0,0,0,52,43
2010-07-25 - 2010-07-31,0,0,0,53,40
2010-08-01 - 2010-08-07,0,0,0,52,37
2010-08-08 - 2010-08-14,0,0,0,51,35
2010-08-15 - 2010-08-21,0,0,0,51,35
2010-08-22 - 2010-08-28,0,0,0,49,34
2010-08-29 - 2010-09-04,0,0,0,50,38
2010-09-05 - 2010-09-11,0,0,0,50,34
2010-09-12 - 2010-09-18,0,0,0,51,35
2010-09-19 - 2010-09-25,0,0,0,52,35
2010-09-26 - 2010-10-02,0,0,0,50,34
2010-10-03 - 2010-10-09,0,0,0,53,35
2010-10-10 - 2010-10-16,0,0,0,52,35
2010-10-17 - 2010-10-23,0,0,0,50,34
2010-10-24 - 2010-10-30,0,0,0,49,33
2010-10-31 - 2010-11-06,0,0,0,53,34
2010-11-07 - 2010-11-13,0,0,0,55,33
2010-11-14 - 2010-11-20,0,0,0,52,33
2010-11-21 - 2010-11-27,0,0,0,51,32
2010-11-28 - 2010-12-04,0,0,0,52,34
2010-12-05 - 2010-12-11,0,0,0,54,34
2010-12-12 - 2010-12-18,0,0,0,53,33
2010-12-19 - 2010-12-25,0,0,0,54,31
2010-12-26 - 2011-01-01,0,0,0,57,31
2011-01-02 - 2011-01-08,0,0,0,56,36
2011-01-09 - 2011-01-15,0,0,0,53,35
2011-01-16 - 2011-01-22,0,0,0,52,34
2011-01-23 - 2011-01-29,0,0,0,52,36
2011-01-30 - 2011-02-05,0,0,0,52,36
2011-02-06 - 2011-02-12,0,0,0,52,35
2011-02-13 - 2011-02-19,0,0,0,53,35
2011-02-20 - 2011-02-26,0,0,0,52,40
2011-02-27 - 2011-03-05,0,0,0,52,39
2011-03-06 - 2011-03-12,0,0,0,51,40
2011-03-13 - 2011-03-19,0,0,0,51,36
2011-03-20 - 2011-03-26,0,0,0,51,37
2011-03-27 - 2011-04-02,0,0,0,50,36
2011-04-03 - 2011-04-09,0,0,0,50,36
2011-04-10 - 2011-04-16,0,0,0,52,37
2011-04-17 - 2011-04-23,0,0,0,57,37
2011-04-24 - 2011-04-30,0,0,0,53,35
2011-05-01 - 2011-05-07,0,0,0,55,37
2011-05-08 - 2011-05-14,0,0,0,52,37
2011-05-15 - 2011-05-21,0,0,0,51,36
2011-05-22 - 2011-05-28,0,0,0,50,34
2011-05-29 - 2011-06-04,0,0,0,50,34
2011-06-05 - 2011-06-11,0,0,0,54,35
2011-06-12 - 2011-06-18,0,0,0,55,34
2011-06-19 - 2011-06-25,0,0,0,59,35
2011-06-26 - 2011-07-02,0,0,0,55,34
2011-07-03 - 2011-07-09,0,0,0,52,35
2011-07-10 - 2011-07-16,0,0,0,54,35
2011-07-17 - 2011-07-23,0,0,0,56,35
2011-07-24 - 2011-07-30,0,0,0,56,35
2011-07-31 - 2011-08-06,0,0,0,59,35
2011-08-07 - 2011-08-13,0,0,0,70,37
2011-08-14 - 2011-08-20,0,0,0,64,36
2011-08-21 - 2011-08-27,0,0,0,68,36
2011-08-28 - 2011-09-03,0,0,0,57,34
2011-09-04 - 2011-09-10,0,0,0,59,34
2011-09-11 - 2011-09-17,0,0,0,58,34
2011-09-18 - 2011-09-24,0,0,0,60,35
2011-09-25 - 2011-10-01,0,0,0,68,35
2011-10-02 - 2011-10-08,0,0,0,59,36
2011-10-09 - 2011-10-15,0,0,0,55,35
2011-10-16 - 2011-10-22,0,0,0,54,35
2011-10-23 - 2011-10-29,0,0,0,56,35
2011-10-30 - 2011-11-05,0,0,0,56,36
2011-11-06 - 2011-11-12,0,0,0,56,35
2011-11-13 - 2011-11-19,0,0,0,56,36
2011-11-20 - 2011-11-26,0,0,0,56,34
2011-11-27 - 2011-12-03,0,0,0,56,35
2011-12-04 - 2011-12-10,0,0,0,57,35
2011-12-11 - 2011-12-17,0,0,0,61,34
2011-12-18 - 2011-12-24,0,0,0,58,33
2011-12-25 - 2011-12-31,0,0,0,62,33
2012-01-01 - 2012-01-07,0,0,0,59,37
2012-01-08 - 2012-01-14,0,0,0,56,36
2012-01-15 - 2012-01-21,0,0,0,55,37
2012-01-22 - 2012-01-28,0,0,0,55,38
2012-01-29 - 2012-02-04,0,0,0,55,38
2012-02-05 - 2012-02-11,0,0,0,55,38
2012-02-12 - 2012-02-18,0,0,0,54,38
2012-02-19 - 2012-02-25,0,0,0,55,40
2012-02-26 - 2012-03-03,0,0,0,55,39
2012-03-04 - 2012-03-10,0,0,0,53,39
2012-03-11 - 2012-03-17,0,0,0,54,39
2012-03-18 - 2012-03-24,0,0,0,52,39
2012-03-25 - 2012-03-31,0,0,0,52,40
2012-04-01 - 2012-04-07,0,0,0,52,38
2012-04-08 - 2012-04-14,0,0,0,51,37
2012-04-15 - 2012-04-21,0,0,0,52,38
2012-04-22 - 2012-04-28,0,0,0,52,38
2012-04-29 - 2012-05-05,0,0,0,52,39
2012-05-06 - 2012-05-12,0,0,0,52,38
2012-05-13 - 2012-05-19,0,0,0,54,39
2012-05-20 - 2012-05-26,0,0,0,53,38
2012-05-27 - 2012-06-02,0,0,0,53,37
2012-06-03 - 2012-06-09,0,0,0,55,37
2012-06-10 - 2012-06-16,0,0,0,53,37
2012-06-17 - 2012-06-23,0,0,0,53,37
2012-06-24 - 2012-06-30,0,0,0,54,39
2012-07-01 - 2012-07-07,0,0,0,54,38
2012-07-08 - 2012-07-14,0,0,0,57,38
2012-07-15 - 2012-07-21,0,0,0,56,38
2012-07-22 - 2012-07-28,0,0,0,57,38
2012-07-29 - 2012-08-04,0,0,0,81,38
2012-08-05 - 2012-08-11,0,0,0,82,38
2012-08-12 - 2012-08-18,0,0,0,70,39
2012-08-19 - 2012-08-25,0,0,0,57,39
2012-08-26 - 2012-09-01,0,0,0,55,38
2012-09-02 - 2012-09-08,0,0,0,58,38
2012-09-09 - 2012-09-15,0,0,0,57,40
2012-09-16 - 2012-09-22,0,0,0,56,40
2012-09-23 - 2012-09-29,0,0,0,56,39
2012-09-30 - 2012-10-06,0,0,0,55,38
2012-10-07 - 2012-10-13,0,0,0,53,38
2012-10-14 - 2012-10-20,0,0,0,53,38
2012-10-21 - 2012-10-27,0,0,0,55,38
2012-10-28 - 2012-11-03,0,0,0,52,37
2012-11-04 - 2012-11-10,0,0,0,54,38
2012-11-11 - 2012-11-17,0,0,0,55,39
2012-11-18 - 2012-11-24,0,0,0,53,36
2012-11-25 - 2012-12-01,0,0,0,56,37
2012-12-02 - 2012-12-08,0,0,0,56,37
2012-12-09 - 2012-12-15,0,0,0,55,35
2012-12-16 - 2012-12-22,0,0,0,57,34
2012-12-23 - 2012-12-29,0,0,0,60,33
2012-12-30 - 2013-01-05,0,0,0,59,39
2013-01-06 - 2013-01-12,0,0,0,58,40
2013-01-13 - 2013-01-19,0,0,0,57,39
2013-01-20 - 2013-01-26,0,0,0,57,40
2013-01-27 - 2013-02-02,0,0,0,57,40
2013-02-03 - 2013-02-09,0,0,0,55,39
2013-02-10 - 2013-02-16,0,0,0,55,39
2013-02-17 - 2013-02-23,0,0,0,60,41
2013-02-24 - 2013-03-02,0,0,0,58,40
2013-03-03 - 2013-03-09,0,0,0,55,41
2013-03-10 - 2013-03-16,0,0,0,55,40
2013-03-17 - 2013-03-23,0,0,0,54,40
2013-03-24 - 2013-03-30,0,0,0,53,41
2013-03-31 - 2013-04-06,0,0,0,54,41
2013-04-07 - 2013-04-13,0,0,0,57,41
2013-04-14 - 2013-04-20,0,0,0,100,41
2013-04-21 - 2013-04-27,0,0,0,73,42
2013-04-28 - 2013-05-04,0,0,0,62,41
2013-05-05 - 2013-05-11,0,0,0,60,41
2013-05-12 - 2013-05-18,0,0,0,61,39
2013-05-19 - 2013-05-25,0,0,0,60,39
2013-05-26 - 2013-06-01,0,0,0,56,39
2013-06-02 - 2013-06-08,0,0,0,54,39
2013-06-09 - 2013-06-15,0,0,0,55,39
2013-06-16 - 2013-06-22,0,0,0,57,39
2013-06-23 - 2013-06-29,0,0,0,65,40
2013-06-30 - 2013-07-06,0,0,0,64,39
2013-07-07 - 2013-07-13,0,0,0,62,42
2013-07-14 - 2013-07-20,0,0,0,60,41
2013-07-21 - 2013-07-27,0,0,0,63,43
2013-07-28 - 2013-08-03,0,0,0,61,42
2013-08-04 - 2013-08-10,0,0,0,56,41
2013-08-11 - 2013-08-17,0,0,0,59,42
2013-08-18 - 2013-08-24,0,0,0,60,41
2013-08-25 - 2013-08-31,0,0,0,61,40
2013-09-01 - 2013-09-07,0,0,0,58,41
2013-09-08 - 2013-09-14,0,0,0,60,40
2013-09-15 - 2013-09-21,0,0,0,59,40
2013-09-22 - 2013-09-28,0,0,0,58,40
2013-09-29 - 2013-10-05,0,0,0,57,39
2013-10-06 - 2013-10-12,0,0,0,57,40
2013-10-13 - 2013-10-19,0,0,0,60,40
2013-10-20 - 2013-10-26,0,0,0,57,40
2013-10-27 - 2013-11-02,0,0,0,58,40
2013-11-03 - 2013-11-09,0,0,0,55,41
2013-11-10 - 2013-11-16,0,0,0,55,41
2013-11-17 - 2013-11-23,0,0,0,57,40
2013-11-24 - 2013-11-30,0,0,0,57,39
2013-12-01 - 2013-12-07,0,0,0,59,39
2013-12-08 - 2013-12-14,0,0,0,59,39
2013-12-15 - 2013-12-21,0,0,0,60,38
2013-12-22 - 2013-12-28,0,0,0,61,36
2013-12-29 - 2014-01-04,0,0,0,62,42
2014-01-05 - 2014-01-11,0,0,0,59,44
2014-01-12 - 2014-01-18,0,0,0,58,43
2014-01-19 - 2014-01-25,0,0,0,58,44
2014-01-26 - 2014-02-01,0,0,0,57,44
2014-02-02 - 2014-02-08,0,0,0,57,42
2014-02-09 - 2014-02-15,0,0,0,67,43
2014-02-16 - 2014-02-22,0,0,0,68,44
2014-02-23 - 2014-03-01,0,0,0,66,45
2014-03-02 - 2014-03-08,0,0,0,57,47
2014-03-09 - 2014-03-15,0,0,0,56,47
2014-03-16 - 2014-03-22,0,0,0,53,44
2014-03-23 - 2014-03-29,0,0,0,56,46
2014-03-30 - 2014-04-05,0,0,0,55,45
2014-04-06 - 2014-04-12,0,0,0,54,44
2014-04-13 - 2014-04-19,0,0,0,55,44
2014-04-20 - 2014-04-26,0,0,0,55,44
2014-04-27 - 2014-05-03,0,0,0,56,44
2014-05-04 - 2014-05-10,0,0,0,53,45
2014-05-11 - 2014-05-17,0,0,0,52,43
2014-05-18 - 2014-05-24,0,0,0,54,43
2014-05-25 - 2014-05-31,0,0,0,58,42
2014-06-01 - 2014-06-07,0,0,0,59,42
2014-06-08 - 2014-06-14,0,0,0,55,42
2014-06-15 - 2014-06-21,0,0,0,55,42
2014-06-22 - 2014-06-28,0,0,0,55,42
2014-06-29 - 2014-07-05,0,0,0,53,42
2014-07-06 - 2014-07-12,0,0,0,55,43
2014-07-13 - 2014-07-19,0,0,0,56,44
2014-07-20 - 2014-07-26,0,0,0,56,44
2014-07-27 - 2014-08-02,0,0,0,57,43
2014-08-03 - 2014-08-09,0,0,0,56,44
2014-08-10 - 2014-08-16,0,0,0,54,44
2014-08-17 - 2014-08-23,0,0,0,54,44
2014-08-24 - 2014-08-30,0,0,0,54,43
2014-08-31 - 2014-09-06,0,0,0,53,42
2014-09-07 - 2014-09-13,0,0,0,56,43
2014-09-14 - 2014-09-20,0,0,0,58,43
2014-09-21 - 2014-09-27,0,0,0,58,43
2014-09-28 - 2014-10-04,0,0,0,58,43
2014-10-05 - 2014-10-11,0,0,0,57,44
2014-10-12 - 2014-10-18,0,0,0,56,46
2014-10-19 - 2014-10-25,0,0,0,56,44
2014-10-26 - 2014-11-01,0,0,0,60,45
2014-11-02 - 2014-11-08,0,0,0,65,46
2014-11-09 - 2014-11-15,0,0,0,63,47
2014-11-16 - 2014-11-22,0,0,0,60,47
2014-11-23 - 2014-11-29,0,0,0,61,46
2014-11-30 - 2014-12-06,0,0,0,64,49
2014-12-07 - 2014-12-13,0,0,0,63,52
2014-12-14 - 2014-12-20,0,0,0,62,53
2014-12-21 - 2014-12-27,0,0,0,64,46
2014-12-28 - 2015-01-03,0,0,0,63,50
2015-01-04 - 2015-01-10,0,0,0,58,57
2015-01-11 - 2015-01-17,0,0,0,59,58
2015-01-18 - 2015-01-24,0,0,0,60,55
2015-01-25 - 2015-01-31,0,0,0,57,53
2015-02-01 - 2015-02-07,0,0,0,56,55
2015-02-08 - 2015-02-14,0,0,0,57,53
2015-02-15 - 2015-02-21,0,0,0,57,53
2015-02-22 - 2015-02-28,0,0,0,95,52
2015-03-01 - 2015-03-07,0,0,0,71,50
2015-03-08 - 2015-03-14,0,0,0,65,51
2015-03-15 - 2015-03-21,0,0,0,60,52
2015-03-22 - 2015-03-28,0,0,0,58,50
2015-03-29 - 2015-04-04,0,0,0,58,51
2015-04-05 - 2015-04-11,0,0,0,60,52
2015-04-12 - 2015-04-18,0,0,0,59,51
2015-04-19 - 2015-04-25,0,0,1,59,51
2015-04-26 - 2015-05-02,0,0,0,60,50
2015-05-03 - 2015-05-09,0,0,0,57,50
2015-05-10 - 2015-05-16,0,0,0,57,48
2015-05-17 - 2015-05-23,0,1,0,56,49
2015-05-24 - 2015-05-30,0,1,0,57,48
2015-05-31 - 2015-06-06,0,1,0,56,48
2015-06-07 - 2015-06-13,0,1,0,56,48
2015-06-14 - 2015-06-20,0,1,0,55,47
2015-06-21 - 2015-06-27,0,0,0,58,47
2015-06-28 - 2015-07-04,0,0,0,59,48
2015-07-05 - 2015-07-11,0,0,0,65,50
2015-07-12 - 2015-07-18,0,0,0,66,51
2015-07-19 - 2015-07-25,0,0,0,83,50
2015-07-26 - 2015-08-01,0,0,0,75,51
2015-08-02 - 2015-08-08,0,0,0,68,51
2015-08-09 - 2015-08-15,0,0,0,67,52
2015-08-16 - 2015-08-22,0,0,0,65,53
2015-08-23 - 2015-08-29,0,0,1,66,54
2015-08-30 - 2015-09-05,0,0,2,62,52
2015-09-06 - 2015-09-12,0,0,2,64,50
2015-09-13 - 2015-09-19,0,0,2,61,48
2015-09-20 - 2015-09-26,0,0,1,61,49
2015-09-27 - 2015-10-03,0,0,1,62,50
2015-10-04 - 2015-10-10,0,0,1,59,52
2015-10-11 - 2015-10-17,0,0,1,60,50
2015-10-18 - 2015-10-24,0,0,1,59,48
2015-10-25 - 2015-10-31,0,0,1,61,48
2015-11-01 - 2015-11-07,0,0,1,61,49
2015-11-08 - 2015-11-14,0,0,1,64,49
2015-11-15 - 2015-11-21,0,1,1,63,51
2015-11-22 - 2015-11-28,0,1,0,64,49
2015-11-29 - 2015-12-05,0,2,0,66,49
2015-12-06 - 2015-12-12,0,3,0,67,53
2015-12-13 - 2015-12-19,0,2,0,66,53
2015-12-20 - 2015-12-26,0,2,0,70,48
2015-12-27 - 2016-01-02,0,2,0,69,53
2016-01-03 - 2016-01-09,0,2,1,65,57
2016-01-10 - 2016-01-16,0,3,1,62,61
2016-01-17 - 2016-01-23,0,9,1,63,66
2016-01-24 - 2016-01-30,0,36,1,65,61
2016-01-31 - 2016-02-06,0,48,1,63,58
2016-02-07 - 2016-02-13,0,23,1,65,58
2016-02-14 - 2016-02-20,1,16,0,63,57
2016-02-21 - 2016-02-27,2,13,1,63,56
2016-02-28 - 2016-03-05,1,11,1,64,55